...1,Week,Name1,Score1,Name2,Score2,Type
0,1,Team WR,95.32,Team GM,133.84,Regular
1,1,Team TP,99.76,Team BL,86.8,Regular
2,1,Team DH,82.16,Team RW,65.44,Regular
3,1,Team Caleb,78.68,Team BD,104.56,Regular
4,1,Team WN,69.64,Team JN,123.64,Regular
5,2,Team TP,148.76,Team WR,138.86,Regular
6,2,Team GM,108,Team DH,110.98,Regular
7,2,Team BL,102.42,Team Caleb,99.48,Regular
8,2,Team RW,84.76,Team WN,85.04,Regular
9,2,Team BD,89.4,Team JN,95.24,Regular
10,3,Team WR,124.52,Team DH,124.98,Regular
11,3,Team Caleb,128.06,Team TP,101.48,Regular
12,3,Team WN,149.96,Team GM,139.18,Regular
13,3,Team JN,101.96,Team BL,67.68,Regular
14,3,Team BD,106.8,Team RW,93.92,Regular
15,4,Team Caleb,142.7,Team WR,83.28,Regular
16,4,Team DH,137.24,Team WN,81.38,Regular
17,4,Team TP,63.64,Team JN,131.9,Regular
18,4,Team GM,104.82,Team BD,113.88,Regular
19,4,Team BL,150.06,Team RW,94.8,Regular
20,5,Team WR,103.92,Team WN,69.24,Regular
21,5,Team JN,99.48,Team Caleb,97.22,Regular
22,5,Team BD,111.48,Team DH,102.84,Regular
23,5,Team RW,176.06,Team TP,56.76,Regular
24,5,Team BL,116.32,Team GM,163.34,Regular
25,6,Team JN,78.22,Team WR,102.58,Regular
26,6,Team WN,121.34,Team BD,119.78,Regular
27,6,Team Caleb,112.4,Team RW,78.56,Regular
28,6,Team DH,96.62,Team BL,113.6,Regular
29,6,Team TP,97.24,Team GM,101.54,Regular
30,7,Team WR,66.34,Team BD,95.96,Regular
31,7,Team RW,98.4,Team JN,99.86,Regular
32,7,Team BL,129.06,Team WN,113.96,Regular
33,7,Team GM,148.26,Team Caleb,92.46,Regular
34,7,Team TP,103.8,Team DH,106.88,Regular
35,8,Team RW,119.46,Team WR,119.56,Regular
36,8,Team BD,107.22,Team BL,108.46,Regular
37,8,Team JN,96.68,Team GM,120.2,Regular
38,8,Team WN,124.5,Team TP,114.76,Regular
39,8,Team Caleb,126.02,Team DH,84.98,Regular
40,9,Team WR,92.12,Team BL,90.48,Regular
41,9,Team GM,49.5,Team RW,115.22,Regular
42,9,Team TP,134.72,Team BD,118.84,Regular
43,9,Team DH,65.78,Team JN,92.6,Regular
44,9,Team Caleb,89.52,Team WN,144.2,Regular
45,10,Team GM,113.42,Team WR,170.42,Regular
46,10,Team BL,98.26,Team TP,104.38,Regular
47,10,Team RW,94.78,Team DH,97.42,Regular
48,10,Team BD,126.02,Team Caleb,88.78,Regular
49,10,Team JN,104.62,Team WN,101.84,Regular
50,11,Team WR,124.8,Team TP,72.64,Regular
51,11,Team DH,139.66,Team GM,97.38,Regular
52,11,Team Caleb,94.46,Team BL,108.2,Regular
53,11,Team WN,96.64,Team RW,106.7,Regular
54,11,Team JN,116.64,Team BD,98.4,Regular
55,12,Team DH,108.98,Team WR,122.12,Regular
56,12,Team TP,102.5,Team Caleb,112.64,Regular
57,12,Team GM,118.62,Team WN,116.16,Regular
58,12,Team BL,140.5,Team JN,110.28,Regular
59,12,Team RW,118.66,Team BD,105.98,Regular
60,13,Team DH,100.82,Team BL,101.52,Regular
61,13,Team JN,145.72,Team RW,78.78,Regular
62,13,Team GM,118.8,Team WR,108.6,Regular
63,13,Team WN,120.96,Team TP,151.38,Regular
64,13,Team BD,125.06,Team Caleb,124.76,Regular
65,14,NA,NA,Team JN,86.82,Playoff
66,14,Team BD,118.72,Team WR,108.3,Playoff
67,14,Team DH,100.84,Team GM,115.64,Playoff
68,14,NA,NA,Team BL,111.58,Playoff
69,14,Team Caleb,96.64,Team WN,69.84,Playoff
70,14,Team RW,128.32,Team TP,124.06,Playoff
71,15,Team BD,0,Team JN,0,Playoff
72,15,Team GM,0,Team BL,0,Playoff
73,15,Team DH,0,Team WR,0,Playoff
74,15,Team RW,0,Team Caleb,0,Playoff
75,15,Team TP,0,Team WN,0,Playoff
76,1,Team WR,95.32,Team GM,133.84,Regular
77,1,Team TP,99.76,Team BL,86.8,Regular
78,1,Team DH,82.16,Team RW,65.44,Regular
79,1,Team Caleb,78.68,Team BD,104.56,Regular
80,1,Team WN,69.64,Team JN,123.64,Regular
81,2,Team TP,148.76,Team WR,138.86,Regular
82,2,Team GM,108,Team DH,110.98,Regular
83,2,Team BL,102.42,Team Caleb,99.48,Regular
84,2,Team RW,84.76,Team WN,85.04,Regular
85,2,Team BD,89.4,Team JN,95.24,Regular
86,3,Team WR,124.52,Team DH,124.98,Regular
87,3,Team Caleb,128.06,Team TP,101.48,Regular
88,3,Team WN,149.96,Team GM,139.18,Regular
89,3,Team JN,101.96,Team BL,67.68,Regular
90,3,Team BD,106.8,Team RW,93.92,Regular
91,4,Team Caleb,142.7,Team WR,83.28,Regular
92,4,Team DH,137.24,Team WN,81.38,Regular
93,4,Team TP,63.64,Team JN,131.9,Regular
94,4,Team GM,104.82,Team BD,113.88,Regular
95,4,Team BL,150.06,Team RW,94.8,Regular
96,5,Team WR,103.92,Team WN,69.24,Regular
97,5,Team JN,99.48,Team Caleb,97.22,Regular
98,5,Team BD,111.48,Team DH,102.84,Regular
99,5,Team RW,176.06,Team TP,56.76,Regular
100,5,Team BL,116.32,Team GM,163.34,Regular
101,6,Team JN,78.22,Team WR,102.58,Regular
102,6,Team WN,121.34,Team BD,119.78,Regular
103,6,Team Caleb,112.4,Team RW,78.56,Regular
104,6,Team DH,96.62,Team BL,113.6,Regular
105,6,Team TP,97.24,Team GM,101.54,Regular
106,7,Team WR,66.34,Team BD,95.96,Regular
107,7,Team RW,98.4,Team JN,99.86,Regular
108,7,Team BL,129.06,Team WN,113.96,Regular
109,7,Team GM,148.26,Team Caleb,92.46,Regular
110,7,Team TP,103.8,Team DH,106.88,Regular
111,8,Team RW,119.46,Team WR,119.56,Regular
112,8,Team BD,107.22,Team BL,108.46,Regular
113,8,Team JN,96.68,Team GM,120.2,Regular
114,8,Team WN,124.5,Team TP,114.76,Regular
115,8,Team Caleb,126.02,Team DH,84.98,Regular
116,9,Team WR,92.12,Team BL,90.48,Regular
117,9,Team GM,49.5,Team RW,115.22,Regular
118,9,Team TP,134.72,Team BD,118.84,Regular
119,9,Team DH,65.78,Team JN,92.6,Regular
120,9,Team Caleb,89.52,Team WN,144.2,Regular
121,10,Team GM,113.42,Team WR,170.42,Regular
122,10,Team BL,98.26,Team TP,104.38,Regular
123,10,Team RW,94.78,Team DH,97.42,Regular
124,10,Team BD,126.02,Team Caleb,88.78,Regular
125,10,Team JN,104.62,Team WN,101.84,Regular
126,11,Team WR,124.8,Team TP,72.64,Regular
127,11,Team DH,139.66,Team GM,97.38,Regular
128,11,Team Caleb,94.46,Team BL,108.2,Regular
129,11,Team WN,96.64,Team RW,106.7,Regular
130,11,Team JN,116.64,Team BD,98.4,Regular
131,12,Team DH,108.98,Team WR,122.12,Regular
132,12,Team TP,102.5,Team Caleb,112.64,Regular
133,12,Team GM,118.62,Team WN,116.16,Regular
134,12,Team BL,140.5,Team JN,110.28,Regular
135,12,Team RW,118.66,Team BD,105.98,Regular
136,13,Team DH,100.82,Team BL,101.52,Regular
137,13,Team JN,145.72,Team RW,78.78,Regular
138,13,Team GM,118.8,Team WR,108.6,Regular
139,13,Team WN,120.96,Team TP,151.38,Regular
140,13,Team BD,125.06,Team Caleb,124.76,Regular
141,14,NA,NA,Team JN,86.82,Playoff
142,14,Team BD,118.72,Team WR,108.3,Playoff
143,14,Team DH,100.84,Team GM,115.64,Playoff
144,14,NA,NA,Team BL,111.58,Playoff
145,14,Team Caleb,96.64,Team WN,69.84,Playoff
146,14,Team RW,128.32,Team TP,124.06,Playoff
147,15,Team BD,0,Team JN,0,Playoff
148,15,Team GM,0,Team BL,0,Playoff
149,15,Team DH,0,Team WR,0,Playoff
150,15,Team RW,0,Team Caleb,0,Playoff
151,15,Team TP,0,Team WN,0,Playoff
152,1,Team WR,95.32,Team GM,133.84,Regular
153,1,Team TP,99.76,Team BL,86.8,Regular
154,1,Team DH,82.16,Team RW,65.44,Regular
155,1,Team Caleb,78.68,Team BD,104.56,Regular
156,1,Team WN,69.64,Team JN,123.64,Regular
157,2,Team TP,148.76,Team WR,138.86,Regular
158,2,Team GM,108,Team DH,110.98,Regular
159,2,Team BL,102.42,Team Caleb,99.48,Regular
160,2,Team RW,84.76,Team WN,85.04,Regular
161,2,Team BD,89.4,Team JN,95.24,Regular
162,3,Team WR,124.52,Team DH,124.98,Regular
163,3,Team Caleb,128.06,Team TP,101.48,Regular
164,3,Team WN,149.96,Team GM,139.18,Regular
165,3,Team JN,101.96,Team BL,67.68,Regular
166,3,Team BD,106.8,Team RW,93.92,Regular
167,4,Team Caleb,142.7,Team WR,83.28,Regular
168,4,Team DH,137.24,Team WN,81.38,Regular
169,4,Team TP,63.64,Team JN,131.9,Regular
170,4,Team GM,104.82,Team BD,113.88,Regular
171,4,Team BL,150.06,Team RW,94.8,Regular
172,5,Team WR,103.92,Team WN,69.24,Regular
173,5,Team JN,99.48,Team Caleb,97.22,Regular
174,5,Team BD,111.48,Team DH,102.84,Regular
175,5,Team RW,176.06,Team TP,56.76,Regular
176,5,Team BL,116.32,Team GM,163.34,Regular
177,6,Team JN,78.22,Team WR,102.58,Regular
178,6,Team WN,121.34,Team BD,119.78,Regular
179,6,Team Caleb,112.4,Team RW,78.56,Regular
180,6,Team DH,96.62,Team BL,113.6,Regular
181,6,Team TP,97.24,Team GM,101.54,Regular
182,7,Team WR,66.34,Team BD,95.96,Regular
183,7,Team RW,98.4,Team JN,99.86,Regular
184,7,Team BL,129.06,Team WN,113.96,Regular
185,7,Team GM,148.26,Team Caleb,92.46,Regular
186,7,Team TP,103.8,Team DH,106.88,Regular
187,8,Team RW,119.46,Team WR,119.56,Regular
188,8,Team BD,107.22,Team BL,108.46,Regular
189,8,Team JN,96.68,Team GM,120.2,Regular
190,8,Team WN,124.5,Team TP,114.76,Regular
191,8,Team Caleb,126.02,Team DH,84.98,Regular
192,9,Team WR,92.12,Team BL,90.48,Regular
193,9,Team GM,49.5,Team RW,115.22,Regular
194,9,Team TP,134.72,Team BD,118.84,Regular
195,9,Team DH,65.78,Team JN,92.6,Regular
196,9,Team Caleb,89.52,Team WN,144.2,Regular
197,10,Team GM,113.42,Team WR,170.42,Regular
198,10,Team BL,98.26,Team TP,104.38,Regular
199,10,Team RW,94.78,Team DH,97.42,Regular
200,10,Team BD,126.02,Team Caleb,88.78,Regular
201,10,Team JN,104.62,Team WN,101.84,Regular
202,11,Team WR,124.8,Team TP,72.64,Regular
203,11,Team DH,139.66,Team GM,97.38,Regular
204,11,Team Caleb,94.46,Team BL,108.2,Regular
205,11,Team WN,96.64,Team RW,106.7,Regular
206,11,Team JN,116.64,Team BD,98.4,Regular
207,12,Team DH,108.98,Team WR,122.12,Regular
208,12,Team TP,102.5,Team Caleb,112.64,Regular
209,12,Team GM,118.62,Team WN,116.16,Regular
210,12,Team BL,140.5,Team JN,110.28,Regular
211,12,Team RW,118.66,Team BD,105.98,Regular
212,13,Team DH,100.82,Team BL,101.52,Regular
213,13,Team JN,145.72,Team RW,78.78,Regular
214,13,Team GM,118.8,Team WR,108.6,Regular
215,13,Team WN,120.96,Team TP,151.38,Regular
216,13,Team BD,125.06,Team Caleb,124.76,Regular
217,14,NA,NA,Team JN,86.82,Playoff
218,14,Team BD,118.72,Team WR,108.3,Playoff
219,14,Team DH,100.84,Team GM,115.64,Playoff
220,14,NA,NA,Team BL,111.58,Playoff
221,14,Team Caleb,96.64,Team WN,69.84,Playoff
222,14,Team RW,128.32,Team TP,124.06,Playoff
223,15,Team BD,0,Team JN,0,Playoff
224,15,Team GM,0,Team BL,0,Playoff
225,15,Team DH,0,Team WR,0,Playoff
226,15,Team RW,0,Team Caleb,0,Playoff
227,15,Team TP,0,Team WN,0,Playoff
228,1,Team WR,95.32,Team GM,133.84,Regular
229,1,Team TP,99.76,Team BL,86.8,Regular
230,1,Team DH,82.16,Team RW,65.44,Regular
231,1,Team Caleb,78.68,Team BD,104.56,Regular
232,1,Team WN,69.64,Team JN,123.64,Regular
233,2,Team TP,148.76,Team WR,138.86,Regular
234,2,Team GM,108,Team DH,110.98,Regular
235,2,Team BL,102.42,Team Caleb,99.48,Regular
236,2,Team RW,84.76,Team WN,85.04,Regular
237,2,Team BD,89.4,Team JN,95.24,Regular
238,3,Team WR,124.52,Team DH,124.98,Regular
239,3,Team Caleb,128.06,Team TP,101.48,Regular
240,3,Team WN,149.96,Team GM,139.18,Regular
241,3,Team JN,101.96,Team BL,67.68,Regular
242,3,Team BD,106.8,Team RW,93.92,Regular
243,4,Team Caleb,142.7,Team WR,83.28,Regular
244,4,Team DH,137.24,Team WN,81.38,Regular
245,4,Team TP,63.64,Team JN,131.9,Regular
246,4,Team GM,104.82,Team BD,113.88,Regular
247,4,Team BL,150.06,Team RW,94.8,Regular
248,5,Team WR,103.92,Team WN,69.24,Regular
249,5,Team JN,99.48,Team Caleb,97.22,Regular
250,5,Team BD,111.48,Team DH,102.84,Regular
251,5,Team RW,176.06,Team TP,56.76,Regular
252,5,Team BL,116.32,Team GM,163.34,Regular
253,6,Team JN,78.22,Team WR,102.58,Regular
254,6,Team WN,121.34,Team BD,119.78,Regular
255,6,Team Caleb,112.4,Team RW,78.56,Regular
256,6,Team DH,96.62,Team BL,113.6,Regular
257,6,Team TP,97.24,Team GM,101.54,Regular
258,7,Team WR,66.34,Team BD,95.96,Regular
259,7,Team RW,98.4,Team JN,99.86,Regular
260,7,Team BL,129.06,Team WN,113.96,Regular
261,7,Team GM,148.26,Team Caleb,92.46,Regular
262,7,Team TP,103.8,Team DH,106.88,Regular
263,8,Team RW,119.46,Team WR,119.56,Regular
264,8,Team BD,107.22,Team BL,108.46,Regular
265,8,Team JN,96.68,Team GM,120.2,Regular
266,8,Team WN,124.5,Team TP,114.76,Regular
267,8,Team Caleb,126.02,Team DH,84.98,Regular
268,9,Team WR,92.12,Team BL,90.48,Regular
269,9,Team GM,49.5,Team RW,115.22,Regular
270,9,Team TP,134.72,Team BD,118.84,Regular
271,9,Team DH,65.78,Team JN,92.6,Regular
272,9,Team Caleb,89.52,Team WN,144.2,Regular
273,10,Team GM,113.42,Team WR,170.42,Regular
274,10,Team BL,98.26,Team TP,104.38,Regular
275,10,Team RW,94.78,Team DH,97.42,Regular
276,10,Team BD,126.02,Team Caleb,88.78,Regular
277,10,Team JN,104.62,Team WN,101.84,Regular
278,11,Team WR,124.8,Team TP,72.64,Regular
279,11,Team DH,139.66,Team GM,97.38,Regular
280,11,Team Caleb,94.46,Team BL,108.2,Regular
281,11,Team WN,96.64,Team RW,106.7,Regular
282,11,Team JN,116.64,Team BD,98.4,Regular
283,12,Team DH,108.98,Team WR,122.12,Regular
284,12,Team TP,102.5,Team Caleb,112.64,Regular
285,12,Team GM,118.62,Team WN,116.16,Regular
286,12,Team BL,140.5,Team JN,110.28,Regular
287,12,Team RW,118.66,Team BD,105.98,Regular
288,13,Team DH,100.82,Team BL,101.52,Regular
289,13,Team JN,145.72,Team RW,78.78,Regular
290,13,Team GM,118.8,Team WR,108.6,Regular
291,13,Team WN,120.96,Team TP,151.38,Regular
292,13,Team BD,125.06,Team Caleb,124.76,Regular
293,14,NA,NA,Team JN,86.82,Playoff
294,14,Team BD,118.72,Team WR,108.3,Playoff
295,14,Team DH,100.84,Team GM,115.64,Playoff
296,14,NA,NA,Team BL,111.58,Playoff
297,14,Team Caleb,96.64,Team WN,69.84,Playoff
298,14,Team RW,128.32,Team TP,124.06,Playoff
299,15,Team BD,0,Team JN,0,Playoff
300,15,Team GM,0,Team BL,0,Playoff
301,15,Team DH,0,Team WR,0,Playoff
302,15,Team RW,0,Team Caleb,0,Playoff
303,15,Team TP,0,Team WN,0,Playoff
304,1,Team WR,95.32,Team GM,133.84,Regular
305,1,Team TP,99.76,Team BL,86.8,Regular
306,1,Team DH,82.16,Team RW,65.44,Regular
307,1,Team Caleb,78.68,Team BD,104.56,Regular
308,1,Team WN,69.64,Team JN,123.64,Regular
309,2,Team TP,148.76,Team WR,138.86,Regular
310,2,Team GM,108,Team DH,110.98,Regular
311,2,Team BL,102.42,Team Caleb,99.48,Regular
312,2,Team RW,84.76,Team WN,85.04,Regular
313,2,Team BD,89.4,Team JN,95.24,Regular
314,3,Team WR,124.52,Team DH,124.98,Regular
315,3,Team Caleb,128.06,Team TP,101.48,Regular
316,3,Team WN,149.96,Team GM,139.18,Regular
317,3,Team JN,101.96,Team BL,67.68,Regular
318,3,Team BD,106.8,Team RW,93.92,Regular
319,4,Team Caleb,142.7,Team WR,83.28,Regular
320,4,Team DH,137.24,Team WN,81.38,Regular
321,4,Team TP,63.64,Team JN,131.9,Regular
322,4,Team GM,104.82,Team BD,113.88,Regular
323,4,Team BL,150.06,Team RW,94.8,Regular
324,5,Team WR,103.92,Team WN,69.24,Regular
325,5,Team JN,99.48,Team Caleb,97.22,Regular
326,5,Team BD,111.48,Team DH,102.84,Regular
327,5,Team RW,176.06,Team TP,56.76,Regular
328,5,Team BL,116.32,Team GM,163.34,Regular
329,6,Team JN,78.22,Team WR,102.58,Regular
330,6,Team WN,121.34,Team BD,119.78,Regular
331,6,Team Caleb,112.4,Team RW,78.56,Regular
332,6,Team DH,96.62,Team BL,113.6,Regular
333,6,Team TP,97.24,Team GM,101.54,Regular
334,7,Team WR,66.34,Team BD,95.96,Regular
335,7,Team RW,98.4,Team JN,99.86,Regular
336,7,Team BL,129.06,Team WN,113.96,Regular
337,7,Team GM,148.26,Team Caleb,92.46,Regular
338,7,Team TP,103.8,Team DH,106.88,Regular
339,8,Team RW,119.46,Team WR,119.56,Regular
340,8,Team BD,107.22,Team BL,108.46,Regular
341,8,Team JN,96.68,Team GM,120.2,Regular
342,8,Team WN,124.5,Team TP,114.76,Regular
343,8,Team Caleb,126.02,Team DH,84.98,Regular
344,9,Team WR,92.12,Team BL,90.48,Regular
345,9,Team GM,49.5,Team RW,115.22,Regular
346,9,Team TP,134.72,Team BD,118.84,Regular
347,9,Team DH,65.78,Team JN,92.6,Regular
348,9,Team Caleb,89.52,Team WN,144.2,Regular
349,10,Team GM,113.42,Team WR,170.42,Regular
350,10,Team BL,98.26,Team TP,104.38,Regular
351,10,Team RW,94.78,Team DH,97.42,Regular
352,10,Team BD,126.02,Team Caleb,88.78,Regular
353,10,Team JN,104.62,Team WN,101.84,Regular
354,11,Team WR,124.8,Team TP,72.64,Regular
355,11,Team DH,139.66,Team GM,97.38,Regular
356,11,Team Caleb,94.46,Team BL,108.2,Regular
357,11,Team WN,96.64,Team RW,106.7,Regular
358,11,Team JN,116.64,Team BD,98.4,Regular
359,12,Team DH,108.98,Team WR,122.12,Regular
360,12,Team TP,102.5,Team Caleb,112.64,Regular
361,12,Team GM,118.62,Team WN,116.16,Regular
362,12,Team BL,140.5,Team JN,110.28,Regular
363,12,Team RW,118.66,Team BD,105.98,Regular
364,13,Team DH,100.82,Team BL,101.52,Regular
365,13,Team JN,145.72,Team RW,78.78,Regular
366,13,Team GM,118.8,Team WR,108.6,Regular
367,13,Team WN,120.96,Team TP,151.38,Regular
368,13,Team BD,125.06,Team Caleb,124.76,Regular
369,14,NA,NA,Team JN,86.82,Playoff
370,14,Team BD,118.72,Team WR,108.3,Playoff
371,14,Team DH,100.84,Team GM,115.64,Playoff
372,14,NA,NA,Team BL,111.58,Playoff
373,14,Team Caleb,96.64,Team WN,69.84,Playoff
374,14,Team RW,128.32,Team TP,124.06,Playoff
375,15,Team BD,0,Team JN,0,Playoff
376,15,Team GM,0,Team BL,0,Playoff
377,15,Team DH,0,Team WR,0,Playoff
378,15,Team RW,0,Team Caleb,0,Playoff
379,15,Team TP,0,Team WN,0,Playoff
380,1,Team WR,95.32,Team GM,133.84,Regular
381,1,Team TP,99.76,Team BL,86.8,Regular
382,1,Team DH,82.16,Team RW,65.44,Regular
383,1,Team Caleb,78.68,Team BD,104.56,Regular
384,1,Team WN,69.64,Team JN,123.64,Regular
385,2,Team TP,148.76,Team WR,138.86,Regular
386,2,Team GM,108,Team DH,110.98,Regular
387,2,Team BL,102.42,Team Caleb,99.48,Regular
388,2,Team RW,84.76,Team WN,85.04,Regular
389,2,Team BD,89.4,Team JN,95.24,Regular
390,3,Team WR,124.52,Team DH,124.98,Regular
391,3,Team Caleb,128.06,Team TP,101.48,Regular
392,3,Team WN,149.96,Team GM,139.18,Regular
393,3,Team JN,101.96,Team BL,67.68,Regular
394,3,Team BD,106.8,Team RW,93.92,Regular
395,4,Team Caleb,142.7,Team WR,83.28,Regular
396,4,Team DH,137.24,Team WN,81.38,Regular
397,4,Team TP,63.64,Team JN,131.9,Regular
398,4,Team GM,104.82,Team BD,113.88,Regular
399,4,Team BL,150.06,Team RW,94.8,Regular
400,5,Team WR,103.92,Team WN,69.24,Regular
401,5,Team JN,99.48,Team Caleb,97.22,Regular
402,5,Team BD,111.48,Team DH,102.84,Regular
403,5,Team RW,176.06,Team TP,56.76,Regular
404,5,Team BL,116.32,Team GM,163.34,Regular
405,6,Team JN,78.22,Team WR,102.58,Regular
406,6,Team WN,121.34,Team BD,119.78,Regular
407,6,Team Caleb,112.4,Team RW,78.56,Regular
408,6,Team DH,96.62,Team BL,113.6,Regular
409,6,Team TP,97.24,Team GM,101.54,Regular
410,7,Team WR,66.34,Team BD,95.96,Regular
411,7,Team RW,98.4,Team JN,99.86,Regular
412,7,Team BL,129.06,Team WN,113.96,Regular
413,7,Team GM,148.26,Team Caleb,92.46,Regular
414,7,Team TP,103.8,Team DH,106.88,Regular
415,8,Team RW,119.46,Team WR,119.56,Regular
416,8,Team BD,107.22,Team BL,108.46,Regular
417,8,Team JN,96.68,Team GM,120.2,Regular
418,8,Team WN,124.5,Team TP,114.76,Regular
419,8,Team Caleb,126.02,Team DH,84.98,Regular
420,9,Team WR,92.12,Team BL,90.48,Regular
421,9,Team GM,49.5,Team RW,115.22,Regular
422,9,Team TP,134.72,Team BD,118.84,Regular
423,9,Team DH,65.78,Team JN,92.6,Regular
424,9,Team Caleb,89.52,Team WN,144.2,Regular
425,10,Team GM,113.42,Team WR,170.42,Regular
426,10,Team BL,98.26,Team TP,104.38,Regular
427,10,Team RW,94.78,Team DH,97.42,Regular
428,10,Team BD,126.02,Team Caleb,88.78,Regular
429,10,Team JN,104.62,Team WN,101.84,Regular
430,11,Team WR,124.8,Team TP,72.64,Regular
431,11,Team DH,139.66,Team GM,97.38,Regular
432,11,Team Caleb,94.46,Team BL,108.2,Regular
433,11,Team WN,96.64,Team RW,106.7,Regular
434,11,Team JN,116.64,Team BD,98.4,Regular
435,12,Team DH,108.98,Team WR,122.12,Regular
436,12,Team TP,102.5,Team Caleb,112.64,Regular
437,12,Team GM,118.62,Team WN,116.16,Regular
438,12,Team BL,140.5,Team JN,110.28,Regular
439,12,Team RW,118.66,Team BD,105.98,Regular
440,13,Team DH,100.82,Team BL,101.52,Regular
441,13,Team JN,145.72,Team RW,78.78,Regular
442,13,Team GM,118.8,Team WR,108.6,Regular
443,13,Team WN,120.96,Team TP,151.38,Regular
444,13,Team BD,125.06,Team Caleb,124.76,Regular
445,14,NA,NA,Team JN,86.82,Playoff
446,14,Team BD,118.72,Team WR,108.3,Playoff
447,14,Team DH,100.84,Team GM,115.64,Playoff
448,14,NA,NA,Team BL,111.58,Playoff
449,14,Team Caleb,96.64,Team WN,69.84,Playoff
450,14,Team RW,128.32,Team TP,124.06,Playoff
451,15,Team BD,0,Team JN,0,Playoff
452,15,Team GM,0,Team BL,0,Playoff
453,15,Team DH,0,Team WR,0,Playoff
454,15,Team RW,0,Team Caleb,0,Playoff
455,15,Team TP,0,Team WN,0,Playoff
456,1,Team WR,95.32,Team GM,133.84,Regular
457,1,Team TP,99.76,Team BL,86.8,Regular
458,1,Team DH,82.16,Team RW,65.44,Regular
459,1,Team Caleb,78.68,Team BD,104.56,Regular
460,1,Team WN,69.64,Team JN,123.64,Regular
461,2,Team TP,148.76,Team WR,138.86,Regular
462,2,Team GM,108,Team DH,110.98,Regular
463,2,Team BL,102.42,Team Caleb,99.48,Regular
464,2,Team RW,84.76,Team WN,85.04,Regular
465,2,Team BD,89.4,Team JN,95.24,Regular
466,3,Team WR,124.52,Team DH,124.98,Regular
467,3,Team Caleb,128.06,Team TP,101.48,Regular
468,3,Team WN,149.96,Team GM,139.18,Regular
469,3,Team JN,101.96,Team BL,67.68,Regular
470,3,Team BD,106.8,Team RW,93.92,Regular
471,4,Team Caleb,142.7,Team WR,83.28,Regular
472,4,Team DH,137.24,Team WN,81.38,Regular
473,4,Team TP,63.64,Team JN,131.9,Regular
474,4,Team GM,104.82,Team BD,113.88,Regular
475,4,Team BL,150.06,Team RW,94.8,Regular
476,5,Team WR,103.92,Team WN,69.24,Regular
477,5,Team JN,99.48,Team Caleb,97.22,Regular
478,5,Team BD,111.48,Team DH,102.84,Regular
479,5,Team RW,176.06,Team TP,56.76,Regular
480,5,Team BL,116.32,Team GM,163.34,Regular
481,6,Team JN,78.22,Team WR,102.58,Regular
482,6,Team WN,121.34,Team BD,119.78,Regular
483,6,Team Caleb,112.4,Team RW,78.56,Regular
484,6,Team DH,96.62,Team BL,113.6,Regular
485,6,Team TP,97.24,Team GM,101.54,Regular
486,7,Team WR,66.34,Team BD,95.96,Regular
487,7,Team RW,98.4,Team JN,99.86,Regular
488,7,Team BL,129.06,Team WN,113.96,Regular
489,7,Team GM,148.26,Team Caleb,92.46,Regular
490,7,Team TP,103.8,Team DH,106.88,Regular
491,8,Team RW,119.46,Team WR,119.56,Regular
492,8,Team BD,107.22,Team BL,108.46,Regular
493,8,Team JN,96.68,Team GM,120.2,Regular
494,8,Team WN,124.5,Team TP,114.76,Regular
495,8,Team Caleb,126.02,Team DH,84.98,Regular
496,9,Team WR,92.12,Team BL,90.48,Regular
497,9,Team GM,49.5,Team RW,115.22,Regular
498,9,Team TP,134.72,Team BD,118.84,Regular
499,9,Team DH,65.78,Team JN,92.6,Regular
500,9,Team Caleb,89.52,Team WN,144.2,Regular
501,10,Team GM,113.42,Team WR,170.42,Regular
502,10,Team BL,98.26,Team TP,104.38,Regular
503,10,Team RW,94.78,Team DH,97.42,Regular
504,10,Team BD,126.02,Team Caleb,88.78,Regular
505,10,Team JN,104.62,Team WN,101.84,Regular
506,11,Team WR,124.8,Team TP,72.64,Regular
507,11,Team DH,139.66,Team GM,97.38,Regular
508,11,Team Caleb,94.46,Team BL,108.2,Regular
509,11,Team WN,96.64,Team RW,106.7,Regular
510,11,Team JN,116.64,Team BD,98.4,Regular
511,12,Team DH,108.98,Team WR,122.12,Regular
512,12,Team TP,102.5,Team Caleb,112.64,Regular
513,12,Team GM,118.62,Team WN,116.16,Regular
514,12,Team BL,140.5,Team JN,110.28,Regular
515,12,Team RW,118.66,Team BD,105.98,Regular
516,13,Team DH,100.82,Team BL,101.52,Regular
517,13,Team JN,145.72,Team RW,78.78,Regular
518,13,Team GM,118.8,Team WR,108.6,Regular
519,13,Team WN,120.96,Team TP,151.38,Regular
520,13,Team BD,125.06,Team Caleb,124.76,Regular
521,14,NA,NA,Team JN,86.82,Playoff
522,14,Team BD,118.72,Team WR,108.3,Playoff
523,14,Team DH,100.84,Team GM,115.64,Playoff
524,14,NA,NA,Team BL,111.58,Playoff
525,14,Team Caleb,96.64,Team WN,69.84,Playoff
526,14,Team RW,128.32,Team TP,124.06,Playoff
527,15,Team BD,0,Team JN,0,Playoff
528,15,Team GM,0,Team BL,0,Playoff
529,15,Team DH,0,Team WR,0,Playoff
530,15,Team RW,0,Team Caleb,0,Playoff
531,15,Team TP,0,Team WN,0,Playoff
532,1,Team WR,95.32,Team GM,133.84,Regular
533,1,Team TP,99.76,Team BL,86.8,Regular
534,1,Team DH,82.16,Team RW,65.44,Regular
535,1,Team Caleb,78.68,Team BD,104.56,Regular
536,1,Team WN,69.64,Team JN,123.64,Regular
537,2,Team TP,148.76,Team WR,138.86,Regular
538,2,Team GM,108,Team DH,110.98,Regular
539,2,Team BL,102.42,Team Caleb,99.48,Regular
540,2,Team RW,84.76,Team WN,85.04,Regular
541,2,Team BD,89.4,Team JN,95.24,Regular
542,3,Team WR,124.52,Team DH,124.98,Regular
543,3,Team Caleb,128.06,Team TP,101.48,Regular
544,3,Team WN,149.96,Team GM,139.18,Regular
545,3,Team JN,101.96,Team BL,67.68,Regular
546,3,Team BD,106.8,Team RW,93.92,Regular
547,4,Team Caleb,142.7,Team WR,83.28,Regular
548,4,Team DH,137.24,Team WN,81.38,Regular
549,4,Team TP,63.64,Team JN,131.9,Regular
550,4,Team GM,104.82,Team BD,113.88,Regular
551,4,Team BL,150.06,Team RW,94.8,Regular
552,5,Team WR,103.92,Team WN,69.24,Regular
553,5,Team JN,99.48,Team Caleb,97.22,Regular
554,5,Team BD,111.48,Team DH,102.84,Regular
555,5,Team RW,176.06,Team TP,56.76,Regular
556,5,Team BL,116.32,Team GM,163.34,Regular
557,6,Team JN,78.22,Team WR,102.58,Regular
558,6,Team WN,121.34,Team BD,119.78,Regular
559,6,Team Caleb,112.4,Team RW,78.56,Regular
560,6,Team DH,96.62,Team BL,113.6,Regular
561,6,Team TP,97.24,Team GM,101.54,Regular
562,7,Team WR,66.34,Team BD,95.96,Regular
563,7,Team RW,98.4,Team JN,99.86,Regular
564,7,Team BL,129.06,Team WN,113.96,Regular
565,7,Team GM,148.26,Team Caleb,92.46,Regular
566,7,Team TP,103.8,Team DH,106.88,Regular
567,8,Team RW,119.46,Team WR,119.56,Regular
568,8,Team BD,107.22,Team BL,108.46,Regular
569,8,Team JN,96.68,Team GM,120.2,Regular
570,8,Team WN,124.5,Team TP,114.76,Regular
571,8,Team Caleb,126.02,Team DH,84.98,Regular
572,9,Team WR,92.12,Team BL,90.48,Regular
573,9,Team GM,49.5,Team RW,115.22,Regular
574,9,Team TP,134.72,Team BD,118.84,Regular
575,9,Team DH,65.78,Team JN,92.6,Regular
576,9,Team Caleb,89.52,Team WN,144.2,Regular
577,10,Team GM,113.42,Team WR,170.42,Regular
578,10,Team BL,98.26,Team TP,104.38,Regular
579,10,Team RW,94.78,Team DH,97.42,Regular
580,10,Team BD,126.02,Team Caleb,88.78,Regular
581,10,Team JN,104.62,Team WN,101.84,Regular
582,11,Team WR,124.8,Team TP,72.64,Regular
583,11,Team DH,139.66,Team GM,97.38,Regular
584,11,Team Caleb,94.46,Team BL,108.2,Regular
585,11,Team WN,96.64,Team RW,106.7,Regular
586,11,Team JN,116.64,Team BD,98.4,Regular
587,12,Team DH,108.98,Team WR,122.12,Regular
588,12,Team TP,102.5,Team Caleb,112.64,Regular
589,12,Team GM,118.62,Team WN,116.16,Regular
590,12,Team BL,140.5,Team JN,110.28,Regular
591,12,Team RW,118.66,Team BD,105.98,Regular
592,13,Team DH,100.82,Team BL,101.52,Regular
593,13,Team JN,145.72,Team RW,78.78,Regular
594,13,Team GM,118.8,Team WR,108.6,Regular
595,13,Team WN,120.96,Team TP,151.38,Regular
596,13,Team BD,125.06,Team Caleb,124.76,Regular
597,14,NA,NA,Team JN,86.82,Playoff
598,14,Team BD,118.72,Team WR,108.3,Playoff
599,14,Team DH,100.84,Team GM,115.64,Playoff
600,14,NA,NA,Team BL,111.58,Playoff
601,14,Team Caleb,96.64,Team WN,69.84,Playoff
602,14,Team RW,128.32,Team TP,124.06,Playoff
603,15,Team BD,0,Team JN,0,Playoff
604,15,Team GM,0,Team BL,0,Playoff
605,15,Team DH,0,Team WR,0,Playoff
606,15,Team RW,0,Team Caleb,0,Playoff
607,15,Team TP,0,Team WN,0,Playoff
608,1,Team WR,95.32,Team GM,133.84,Regular
609,1,Team TP,99.76,Team BL,86.8,Regular
610,1,Team DH,82.16,Team RW,65.44,Regular
611,1,Team Caleb,78.68,Team BD,104.56,Regular
612,1,Team WN,69.64,Team JN,123.64,Regular
613,2,Team TP,148.76,Team WR,138.86,Regular
614,2,Team GM,108,Team DH,110.98,Regular
615,2,Team BL,102.42,Team Caleb,99.48,Regular
616,2,Team RW,84.76,Team WN,85.04,Regular
617,2,Team BD,89.4,Team JN,95.24,Regular
618,3,Team WR,124.52,Team DH,124.98,Regular
619,3,Team Caleb,128.06,Team TP,101.48,Regular
620,3,Team WN,149.96,Team GM,139.18,Regular
621,3,Team JN,101.96,Team BL,67.68,Regular
622,3,Team BD,106.8,Team RW,93.92,Regular
623,4,Team Caleb,142.7,Team WR,83.28,Regular
624,4,Team DH,137.24,Team WN,81.38,Regular
625,4,Team TP,63.64,Team JN,131.9,Regular
626,4,Team GM,104.82,Team BD,113.88,Regular
627,4,Team BL,150.06,Team RW,94.8,Regular
628,5,Team WR,103.92,Team WN,69.24,Regular
629,5,Team JN,99.48,Team Caleb,97.22,Regular
630,5,Team BD,111.48,Team DH,102.84,Regular
631,5,Team RW,176.06,Team TP,56.76,Regular
632,5,Team BL,116.32,Team GM,163.34,Regular
633,6,Team JN,78.22,Team WR,102.58,Regular
634,6,Team WN,121.34,Team BD,119.78,Regular
635,6,Team Caleb,112.4,Team RW,78.56,Regular
636,6,Team DH,96.62,Team BL,113.6,Regular
637,6,Team TP,97.24,Team GM,101.54,Regular
638,7,Team WR,66.34,Team BD,95.96,Regular
639,7,Team RW,98.4,Team JN,99.86,Regular
640,7,Team BL,129.06,Team WN,113.96,Regular
641,7,Team GM,148.26,Team Caleb,92.46,Regular
642,7,Team TP,103.8,Team DH,106.88,Regular
643,8,Team RW,119.46,Team WR,119.56,Regular
644,8,Team BD,107.22,Team BL,108.46,Regular
645,8,Team JN,96.68,Team GM,120.2,Regular
646,8,Team WN,124.5,Team TP,114.76,Regular
647,8,Team Caleb,126.02,Team DH,84.98,Regular
648,9,Team WR,92.12,Team BL,90.48,Regular
649,9,Team GM,49.5,Team RW,115.22,Regular
650,9,Team TP,134.72,Team BD,118.84,Regular
651,9,Team DH,65.78,Team JN,92.6,Regular
652,9,Team Caleb,89.52,Team WN,144.2,Regular
653,10,Team GM,113.42,Team WR,170.42,Regular
654,10,Team BL,98.26,Team TP,104.38,Regular
655,10,Team RW,94.78,Team DH,97.42,Regular
656,10,Team BD,126.02,Team Caleb,88.78,Regular
657,10,Team JN,104.62,Team WN,101.84,Regular
658,11,Team WR,124.8,Team TP,72.64,Regular
659,11,Team DH,139.66,Team GM,97.38,Regular
660,11,Team Caleb,94.46,Team BL,108.2,Regular
661,11,Team WN,96.64,Team RW,106.7,Regular
662,11,Team JN,116.64,Team BD,98.4,Regular
663,12,Team DH,108.98,Team WR,122.12,Regular
664,12,Team TP,102.5,Team Caleb,112.64,Regular
665,12,Team GM,118.62,Team WN,116.16,Regular
666,12,Team BL,140.5,Team JN,110.28,Regular
667,12,Team RW,118.66,Team BD,105.98,Regular
668,13,Team DH,100.82,Team BL,101.52,Regular
669,13,Team JN,145.72,Team RW,78.78,Regular
670,13,Team GM,118.8,Team WR,108.6,Regular
671,13,Team WN,120.96,Team TP,151.38,Regular
672,13,Team BD,125.06,Team Caleb,124.76,Regular
673,14,NA,NA,Team JN,86.82,Playoff
674,14,Team BD,118.72,Team WR,108.3,Playoff
675,14,Team DH,100.84,Team GM,115.64,Playoff
676,14,NA,NA,Team BL,111.58,Playoff
677,14,Team Caleb,96.64,Team WN,69.84,Playoff
678,14,Team RW,128.32,Team TP,124.06,Playoff
679,15,Team BD,0,Team JN,0,Playoff
680,15,Team GM,0,Team BL,0,Playoff
681,15,Team DH,0,Team WR,0,Playoff
682,15,Team RW,0,Team Caleb,0,Playoff
683,15,Team TP,0,Team WN,0,Playoff
684,1,Team WR,95.32,Team GM,133.84,Regular
685,1,Team TP,99.76,Team BL,86.8,Regular
686,1,Team DH,82.16,Team RW,65.44,Regular
687,1,Team Caleb,78.68,Team BD,104.56,Regular
688,1,Team WN,69.64,Team JN,123.64,Regular
689,2,Team TP,148.76,Team WR,138.86,Regular
690,2,Team GM,108,Team DH,110.98,Regular
691,2,Team BL,102.42,Team Caleb,99.48,Regular
692,2,Team RW,84.76,Team WN,85.04,Regular
693,2,Team BD,89.4,Team JN,95.24,Regular
694,3,Team WR,124.52,Team DH,124.98,Regular
695,3,Team Caleb,128.06,Team TP,101.48,Regular
696,3,Team WN,149.96,Team GM,139.18,Regular
697,3,Team JN,101.96,Team BL,67.68,Regular
698,3,Team BD,106.8,Team RW,93.92,Regular
699,4,Team Caleb,142.7,Team WR,83.28,Regular
700,4,Team DH,137.24,Team WN,81.38,Regular
701,4,Team TP,63.64,Team JN,131.9,Regular
702,4,Team GM,104.82,Team BD,113.88,Regular
703,4,Team BL,150.06,Team RW,94.8,Regular
704,5,Team WR,103.92,Team WN,69.24,Regular
705,5,Team JN,99.48,Team Caleb,97.22,Regular
706,5,Team BD,111.48,Team DH,102.84,Regular
707,5,Team RW,176.06,Team TP,56.76,Regular
708,5,Team BL,116.32,Team GM,163.34,Regular
709,6,Team JN,78.22,Team WR,102.58,Regular
710,6,Team WN,121.34,Team BD,119.78,Regular
711,6,Team Caleb,112.4,Team RW,78.56,Regular
712,6,Team DH,96.62,Team BL,113.6,Regular
713,6,Team TP,97.24,Team GM,101.54,Regular
714,7,Team WR,66.34,Team BD,95.96,Regular
715,7,Team RW,98.4,Team JN,99.86,Regular
716,7,Team BL,129.06,Team WN,113.96,Regular
717,7,Team GM,148.26,Team Caleb,92.46,Regular
718,7,Team TP,103.8,Team DH,106.88,Regular
719,8,Team RW,119.46,Team WR,119.56,Regular
720,8,Team BD,107.22,Team BL,108.46,Regular
721,8,Team JN,96.68,Team GM,120.2,Regular
722,8,Team WN,124.5,Team TP,114.76,Regular
723,8,Team Caleb,126.02,Team DH,84.98,Regular
724,9,Team WR,92.12,Team BL,90.48,Regular
725,9,Team GM,49.5,Team RW,115.22,Regular
726,9,Team TP,134.72,Team BD,118.84,Regular
727,9,Team DH,65.78,Team JN,92.6,Regular
728,9,Team Caleb,89.52,Team WN,144.2,Regular
729,10,Team GM,113.42,Team WR,170.42,Regular
730,10,Team BL,98.26,Team TP,104.38,Regular
731,10,Team RW,94.78,Team DH,97.42,Regular
732,10,Team BD,126.02,Team Caleb,88.78,Regular
733,10,Team JN,104.62,Team WN,101.84,Regular
734,11,Team WR,124.8,Team TP,72.64,Regular
735,11,Team DH,139.66,Team GM,97.38,Regular
736,11,Team Caleb,94.46,Team BL,108.2,Regular
737,11,Team WN,96.64,Team RW,106.7,Regular
738,11,Team JN,116.64,Team BD,98.4,Regular
739,12,Team DH,108.98,Team WR,122.12,Regular
740,12,Team TP,102.5,Team Caleb,112.64,Regular
741,12,Team GM,118.62,Team WN,116.16,Regular
742,12,Team BL,140.5,Team JN,110.28,Regular
743,12,Team RW,118.66,Team BD,105.98,Regular
744,13,Team DH,100.82,Team BL,101.52,Regular
745,13,Team JN,145.72,Team RW,78.78,Regular
746,13,Team GM,118.8,Team WR,108.6,Regular
747,13,Team WN,120.96,Team TP,151.38,Regular
748,13,Team BD,125.06,Team Caleb,124.76,Regular
749,14,NA,NA,Team JN,86.82,Playoff
750,14,Team BD,118.72,Team WR,108.3,Playoff
751,14,Team DH,100.84,Team GM,115.64,Playoff
752,14,NA,NA,Team BL,111.58,Playoff
753,14,Team Caleb,96.64,Team WN,69.84,Playoff
754,14,Team RW,128.32,Team TP,124.06,Playoff
755,15,Team BD,0,Team JN,0,Playoff
756,15,Team GM,0,Team BL,0,Playoff
757,15,Team DH,0,Team WR,0,Playoff
758,15,Team RW,0,Team Caleb,0,Playoff
759,15,Team TP,0,Team WN,0,Playoff
760,1,Team WR,95.32,Team GM,133.84,Regular
761,1,Team TP,99.76,Team BL,86.8,Regular
762,1,Team DH,82.16,Team RW,65.44,Regular
763,1,Team Caleb,78.68,Team BD,104.56,Regular
764,1,Team WN,69.64,Team JN,123.64,Regular
765,2,Team TP,148.76,Team WR,138.86,Regular
766,2,Team GM,108,Team DH,110.98,Regular
767,2,Team BL,102.42,Team Caleb,99.48,Regular
768,2,Team RW,84.76,Team WN,85.04,Regular
769,2,Team BD,89.4,Team JN,95.24,Regular
770,3,Team WR,124.52,Team DH,124.98,Regular
771,3,Team Caleb,128.06,Team TP,101.48,Regular
772,3,Team WN,149.96,Team GM,139.18,Regular
773,3,Team JN,101.96,Team BL,67.68,Regular
774,3,Team BD,106.8,Team RW,93.92,Regular
775,4,Team Caleb,142.7,Team WR,83.28,Regular
776,4,Team DH,137.24,Team WN,81.38,Regular
777,4,Team TP,63.64,Team JN,131.9,Regular
778,4,Team GM,104.82,Team BD,113.88,Regular
779,4,Team BL,150.06,Team RW,94.8,Regular
780,5,Team WR,103.92,Team WN,69.24,Regular
781,5,Team JN,99.48,Team Caleb,97.22,Regular
782,5,Team BD,111.48,Team DH,102.84,Regular
783,5,Team RW,176.06,Team TP,56.76,Regular
784,5,Team BL,116.32,Team GM,163.34,Regular
785,6,Team JN,78.22,Team WR,102.58,Regular
786,6,Team WN,121.34,Team BD,119.78,Regular
787,6,Team Caleb,112.4,Team RW,78.56,Regular
788,6,Team DH,96.62,Team BL,113.6,Regular
789,6,Team TP,97.24,Team GM,101.54,Regular
790,7,Team WR,66.34,Team BD,95.96,Regular
791,7,Team RW,98.4,Team JN,99.86,Regular
792,7,Team BL,129.06,Team WN,113.96,Regular
793,7,Team GM,148.26,Team Caleb,92.46,Regular
794,7,Team TP,103.8,Team DH,106.88,Regular
795,8,Team RW,119.46,Team WR,119.56,Regular
796,8,Team BD,107.22,Team BL,108.46,Regular
797,8,Team JN,96.68,Team GM,120.2,Regular
798,8,Team WN,124.5,Team TP,114.76,Regular
799,8,Team Caleb,126.02,Team DH,84.98,Regular
800,9,Team WR,92.12,Team BL,90.48,Regular
801,9,Team GM,49.5,Team RW,115.22,Regular
802,9,Team TP,134.72,Team BD,118.84,Regular
803,9,Team DH,65.78,Team JN,92.6,Regular
804,9,Team Caleb,89.52,Team WN,144.2,Regular
805,10,Team GM,113.42,Team WR,170.42,Regular
806,10,Team BL,98.26,Team TP,104.38,Regular
807,10,Team RW,94.78,Team DH,97.42,Regular
808,10,Team BD,126.02,Team Caleb,88.78,Regular
809,10,Team JN,104.62,Team WN,101.84,Regular
810,11,Team WR,124.8,Team TP,72.64,Regular
811,11,Team DH,139.66,Team GM,97.38,Regular
812,11,Team Caleb,94.46,Team BL,108.2,Regular
813,11,Team WN,96.64,Team RW,106.7,Regular
814,11,Team JN,116.64,Team BD,98.4,Regular
815,12,Team DH,108.98,Team WR,122.12,Regular
816,12,Team TP,102.5,Team Caleb,112.64,Regular
817,12,Team GM,118.62,Team WN,116.16,Regular
818,12,Team BL,140.5,Team JN,110.28,Regular
819,12,Team RW,118.66,Team BD,105.98,Regular
820,13,Team DH,100.82,Team BL,101.52,Regular
821,13,Team JN,145.72,Team RW,78.78,Regular
822,13,Team GM,118.8,Team WR,108.6,Regular
823,13,Team WN,120.96,Team TP,151.38,Regular
824,13,Team BD,125.06,Team Caleb,124.76,Regular
825,14,NA,NA,Team JN,86.82,Playoff
826,14,Team BD,118.72,Team WR,108.3,Playoff
827,14,Team DH,100.84,Team GM,115.64,Playoff
828,14,NA,NA,Team BL,111.58,Playoff
829,14,Team Caleb,96.64,Team WN,69.84,Playoff
830,14,Team RW,128.32,Team TP,124.06,Playoff
831,15,Team BD,0,Team JN,0,Playoff
832,15,Team GM,0,Team BL,0,Playoff
833,15,Team DH,0,Team WR,0,Playoff
834,15,Team RW,0,Team Caleb,0,Playoff
835,15,Team TP,0,Team WN,0,Playoff
836,1,Team WR,95.32,Team GM,133.84,Regular
837,1,Team TP,99.76,Team BL,86.8,Regular
838,1,Team DH,82.16,Team RW,65.44,Regular
839,1,Team Caleb,78.68,Team BD,104.56,Regular
840,1,Team WN,69.64,Team JN,123.64,Regular
841,2,Team TP,148.76,Team WR,138.86,Regular
842,2,Team GM,108,Team DH,110.98,Regular
843,2,Team BL,102.42,Team Caleb,99.48,Regular
844,2,Team RW,84.76,Team WN,85.04,Regular
845,2,Team BD,89.4,Team JN,95.24,Regular
846,3,Team WR,124.52,Team DH,124.98,Regular
847,3,Team Caleb,128.06,Team TP,101.48,Regular
848,3,Team WN,149.96,Team GM,139.18,Regular
849,3,Team JN,101.96,Team BL,67.68,Regular
850,3,Team BD,106.8,Team RW,93.92,Regular
851,4,Team Caleb,142.7,Team WR,83.28,Regular
852,4,Team DH,137.24,Team WN,81.38,Regular
853,4,Team TP,63.64,Team JN,131.9,Regular
854,4,Team GM,104.82,Team BD,113.88,Regular
855,4,Team BL,150.06,Team RW,94.8,Regular
856,5,Team WR,103.92,Team WN,69.24,Regular
857,5,Team JN,99.48,Team Caleb,97.22,Regular
858,5,Team BD,111.48,Team DH,102.84,Regular
859,5,Team RW,176.06,Team TP,56.76,Regular
860,5,Team BL,116.32,Team GM,163.34,Regular
861,6,Team JN,78.22,Team WR,102.58,Regular
862,6,Team WN,121.34,Team BD,119.78,Regular
863,6,Team Caleb,112.4,Team RW,78.56,Regular
864,6,Team DH,96.62,Team BL,113.6,Regular
865,6,Team TP,97.24,Team GM,101.54,Regular
866,7,Team WR,66.34,Team BD,95.96,Regular
867,7,Team RW,98.4,Team JN,99.86,Regular
868,7,Team BL,129.06,Team WN,113.96,Regular
869,7,Team GM,148.26,Team Caleb,92.46,Regular
870,7,Team TP,103.8,Team DH,106.88,Regular
871,8,Team RW,119.46,Team WR,119.56,Regular
872,8,Team BD,107.22,Team BL,108.46,Regular
873,8,Team JN,96.68,Team GM,120.2,Regular
874,8,Team WN,124.5,Team TP,114.76,Regular
875,8,Team Caleb,126.02,Team DH,84.98,Regular
876,9,Team WR,92.12,Team BL,90.48,Regular
877,9,Team GM,49.5,Team RW,115.22,Regular
878,9,Team TP,134.72,Team BD,118.84,Regular
879,9,Team DH,65.78,Team JN,92.6,Regular
880,9,Team Caleb,89.52,Team WN,144.2,Regular
881,10,Team GM,113.42,Team WR,170.42,Regular
882,10,Team BL,98.26,Team TP,104.38,Regular
883,10,Team RW,94.78,Team DH,97.42,Regular
884,10,Team BD,126.02,Team Caleb,88.78,Regular
885,10,Team JN,104.62,Team WN,101.84,Regular
886,11,Team WR,124.8,Team TP,72.64,Regular
887,11,Team DH,139.66,Team GM,97.38,Regular
888,11,Team Caleb,94.46,Team BL,108.2,Regular
889,11,Team WN,96.64,Team RW,106.7,Regular
890,11,Team JN,116.64,Team BD,98.4,Regular
891,12,Team DH,108.98,Team WR,122.12,Regular
892,12,Team TP,102.5,Team Caleb,112.64,Regular
893,12,Team GM,118.62,Team WN,116.16,Regular
894,12,Team BL,140.5,Team JN,110.28,Regular
895,12,Team RW,118.66,Team BD,105.98,Regular
896,13,Team DH,100.82,Team BL,101.52,Regular
897,13,Team JN,145.72,Team RW,78.78,Regular
898,13,Team GM,118.8,Team WR,108.6,Regular
899,13,Team WN,120.96,Team TP,151.38,Regular
900,13,Team BD,125.06,Team Caleb,124.76,Regular
901,14,NA,NA,Team JN,86.82,Playoff
902,14,Team BD,118.72,Team WR,108.3,Playoff
903,14,Team DH,100.84,Team GM,115.64,Playoff
904,14,NA,NA,Team BL,111.58,Playoff
905,14,Team Caleb,96.64,Team WN,69.84,Playoff
906,14,Team RW,128.32,Team TP,124.06,Playoff
907,15,Team BD,0,Team JN,0,Playoff
908,15,Team GM,0,Team BL,0,Playoff
909,15,Team DH,0,Team WR,0,Playoff
910,15,Team RW,0,Team Caleb,0,Playoff
911,15,Team TP,0,Team WN,0,Playoff
912,1,Team WR,95.32,Team GM,133.84,Regular
913,1,Team TP,99.76,Team BL,86.8,Regular
914,1,Team DH,82.16,Team RW,65.44,Regular
915,1,Team Caleb,78.68,Team BD,104.56,Regular
916,1,Team WN,69.64,Team JN,123.64,Regular
917,2,Team TP,148.76,Team WR,138.86,Regular
918,2,Team GM,108,Team DH,110.98,Regular
919,2,Team BL,102.42,Team Caleb,99.48,Regular
920,2,Team RW,84.76,Team WN,85.04,Regular
921,2,Team BD,89.4,Team JN,95.24,Regular
922,3,Team WR,124.52,Team DH,124.98,Regular
923,3,Team Caleb,128.06,Team TP,101.48,Regular
924,3,Team WN,149.96,Team GM,139.18,Regular
925,3,Team JN,101.96,Team BL,67.68,Regular
926,3,Team BD,106.8,Team RW,93.92,Regular
927,4,Team Caleb,142.7,Team WR,83.28,Regular
928,4,Team DH,137.24,Team WN,81.38,Regular
929,4,Team TP,63.64,Team JN,131.9,Regular
930,4,Team GM,104.82,Team BD,113.88,Regular
931,4,Team BL,150.06,Team RW,94.8,Regular
932,5,Team WR,103.92,Team WN,69.24,Regular
933,5,Team JN,99.48,Team Caleb,97.22,Regular
934,5,Team BD,111.48,Team DH,102.84,Regular
935,5,Team RW,176.06,Team TP,56.76,Regular
936,5,Team BL,116.32,Team GM,163.34,Regular
937,6,Team JN,78.22,Team WR,102.58,Regular
938,6,Team WN,121.34,Team BD,119.78,Regular
939,6,Team Caleb,112.4,Team RW,78.56,Regular
940,6,Team DH,96.62,Team BL,113.6,Regular
941,6,Team TP,97.24,Team GM,101.54,Regular
942,7,Team WR,66.34,Team BD,95.96,Regular
943,7,Team RW,98.4,Team JN,99.86,Regular
944,7,Team BL,129.06,Team WN,113.96,Regular
945,7,Team GM,148.26,Team Caleb,92.46,Regular
946,7,Team TP,103.8,Team DH,106.88,Regular
947,8,Team RW,119.46,Team WR,119.56,Regular
948,8,Team BD,107.22,Team BL,108.46,Regular
949,8,Team JN,96.68,Team GM,120.2,Regular
950,8,Team WN,124.5,Team TP,114.76,Regular
951,8,Team Caleb,126.02,Team DH,84.98,Regular
952,9,Team WR,92.12,Team BL,90.48,Regular
953,9,Team GM,49.5,Team RW,115.22,Regular
954,9,Team TP,134.72,Team BD,118.84,Regular
955,9,Team DH,65.78,Team JN,92.6,Regular
956,9,Team Caleb,89.52,Team WN,144.2,Regular
957,10,Team GM,113.42,Team WR,170.42,Regular
958,10,Team BL,98.26,Team TP,104.38,Regular
959,10,Team RW,94.78,Team DH,97.42,Regular
960,10,Team BD,126.02,Team Caleb,88.78,Regular
961,10,Team JN,104.62,Team WN,101.84,Regular
962,11,Team WR,124.8,Team TP,72.64,Regular
963,11,Team DH,139.66,Team GM,97.38,Regular
964,11,Team Caleb,94.46,Team BL,108.2,Regular
965,11,Team WN,96.64,Team RW,106.7,Regular
966,11,Team JN,116.64,Team BD,98.4,Regular
967,12,Team DH,108.98,Team WR,122.12,Regular
968,12,Team TP,102.5,Team Caleb,112.64,Regular
969,12,Team GM,118.62,Team WN,116.16,Regular
970,12,Team BL,140.5,Team JN,110.28,Regular
971,12,Team RW,118.66,Team BD,105.98,Regular
972,13,Team DH,100.82,Team BL,101.52,Regular
973,13,Team JN,145.72,Team RW,78.78,Regular
974,13,Team GM,118.8,Team WR,108.6,Regular
975,13,Team WN,120.96,Team TP,151.38,Regular
976,13,Team BD,125.06,Team Caleb,124.76,Regular
977,14,NA,NA,Team JN,86.82,Playoff
978,14,Team BD,118.72,Team WR,108.3,Playoff
979,14,Team DH,100.84,Team GM,115.64,Playoff
980,14,NA,NA,Team BL,111.58,Playoff
981,14,Team Caleb,96.64,Team WN,69.84,Playoff
982,14,Team RW,128.32,Team TP,124.06,Playoff
983,15,Team BD,0,Team JN,0,Playoff
984,15,Team GM,0,Team BL,0,Playoff
985,15,Team DH,0,Team WR,0,Playoff
986,15,Team RW,0,Team Caleb,0,Playoff
987,15,Team TP,0,Team WN,0,Playoff
988,1,Team WR,95.32,Team GM,133.84,Regular
989,1,Team TP,99.76,Team BL,86.8,Regular
990,1,Team DH,82.16,Team RW,65.44,Regular
991,1,Team Caleb,78.68,Team BD,104.56,Regular
992,1,Team WN,69.64,Team JN,123.64,Regular
993,2,Team TP,148.76,Team WR,138.86,Regular
994,2,Team GM,108,Team DH,110.98,Regular
995,2,Team BL,102.42,Team Caleb,99.48,Regular
996,2,Team RW,84.76,Team WN,85.04,Regular
997,2,Team BD,89.4,Team JN,95.24,Regular
998,3,Team WR,124.52,Team DH,124.98,Regular
999,3,Team Caleb,128.06,Team TP,101.48,Regular
1000,3,Team WN,149.96,Team GM,139.18,Regular
1001,3,Team JN,101.96,Team BL,67.68,Regular
1002,3,Team BD,106.8,Team RW,93.92,Regular
1003,4,Team Caleb,142.7,Team WR,83.28,Regular
1004,4,Team DH,137.24,Team WN,81.38,Regular
1005,4,Team TP,63.64,Team JN,131.9,Regular
1006,4,Team GM,104.82,Team BD,113.88,Regular
1007,4,Team BL,150.06,Team RW,94.8,Regular
1008,5,Team WR,103.92,Team WN,69.24,Regular
1009,5,Team JN,99.48,Team Caleb,97.22,Regular
1010,5,Team BD,111.48,Team DH,102.84,Regular
1011,5,Team RW,176.06,Team TP,56.76,Regular
1012,5,Team BL,116.32,Team GM,163.34,Regular
1013,6,Team JN,78.22,Team WR,102.58,Regular
1014,6,Team WN,121.34,Team BD,119.78,Regular
1015,6,Team Caleb,112.4,Team RW,78.56,Regular
1016,6,Team DH,96.62,Team BL,113.6,Regular
1017,6,Team TP,97.24,Team GM,101.54,Regular
1018,7,Team WR,66.34,Team BD,95.96,Regular
1019,7,Team RW,98.4,Team JN,99.86,Regular
1020,7,Team BL,129.06,Team WN,113.96,Regular
1021,7,Team GM,148.26,Team Caleb,92.46,Regular
1022,7,Team TP,103.8,Team DH,106.88,Regular
1023,8,Team RW,119.46,Team WR,119.56,Regular
1024,8,Team BD,107.22,Team BL,108.46,Regular
1025,8,Team JN,96.68,Team GM,120.2,Regular
1026,8,Team WN,124.5,Team TP,114.76,Regular
1027,8,Team Caleb,126.02,Team DH,84.98,Regular
1028,9,Team WR,92.12,Team BL,90.48,Regular
1029,9,Team GM,49.5,Team RW,115.22,Regular
1030,9,Team TP,134.72,Team BD,118.84,Regular
1031,9,Team DH,65.78,Team JN,92.6,Regular
1032,9,Team Caleb,89.52,Team WN,144.2,Regular
1033,10,Team GM,113.42,Team WR,170.42,Regular
1034,10,Team BL,98.26,Team TP,104.38,Regular
1035,10,Team RW,94.78,Team DH,97.42,Regular
1036,10,Team BD,126.02,Team Caleb,88.78,Regular
1037,10,Team JN,104.62,Team WN,101.84,Regular
1038,11,Team WR,124.8,Team TP,72.64,Regular
1039,11,Team DH,139.66,Team GM,97.38,Regular
1040,11,Team Caleb,94.46,Team BL,108.2,Regular
1041,11,Team WN,96.64,Team RW,106.7,Regular
1042,11,Team JN,116.64,Team BD,98.4,Regular
1043,12,Team DH,108.98,Team WR,122.12,Regular
1044,12,Team TP,102.5,Team Caleb,112.64,Regular
1045,12,Team GM,118.62,Team WN,116.16,Regular
1046,12,Team BL,140.5,Team JN,110.28,Regular
1047,12,Team RW,118.66,Team BD,105.98,Regular
1048,13,Team DH,100.82,Team BL,101.52,Regular
1049,13,Team JN,145.72,Team RW,78.78,Regular
1050,13,Team GM,118.8,Team WR,108.6,Regular
1051,13,Team WN,120.96,Team TP,151.38,Regular
1052,13,Team BD,125.06,Team Caleb,124.76,Regular
1053,14,NA,NA,Team JN,86.82,Playoff
1054,14,Team BD,118.72,Team WR,108.3,Playoff
1055,14,Team DH,100.84,Team GM,115.64,Playoff
1056,14,NA,NA,Team BL,111.58,Playoff
1057,14,Team Caleb,96.64,Team WN,69.84,Playoff
1058,14,Team RW,128.32,Team TP,124.06,Playoff
1059,15,Team BD,0,Team JN,0,Playoff
1060,15,Team GM,0,Team BL,0,Playoff
1061,15,Team DH,0,Team WR,0,Playoff
1062,15,Team RW,0,Team Caleb,0,Playoff
1063,15,Team TP,0,Team WN,0,Playoff
1064,1,Team WR,95.32,Team GM,133.84,Regular
1065,1,Team TP,99.76,Team BL,86.8,Regular
1066,1,Team DH,82.16,Team RW,65.44,Regular
1067,1,Team Caleb,78.68,Team BD,104.56,Regular
1068,1,Team WN,69.64,Team JN,123.64,Regular
1069,2,Team TP,148.76,Team WR,138.86,Regular
1070,2,Team GM,108,Team DH,110.98,Regular
1071,2,Team BL,102.42,Team Caleb,99.48,Regular
1072,2,Team RW,84.76,Team WN,85.04,Regular
1073,2,Team BD,89.4,Team JN,95.24,Regular
1074,3,Team WR,124.52,Team DH,124.98,Regular
1075,3,Team Caleb,128.06,Team TP,101.48,Regular
1076,3,Team WN,149.96,Team GM,139.18,Regular
1077,3,Team JN,101.96,Team BL,67.68,Regular
1078,3,Team BD,106.8,Team RW,93.92,Regular
1079,4,Team Caleb,142.7,Team WR,83.28,Regular
1080,4,Team DH,137.24,Team WN,81.38,Regular
1081,4,Team TP,63.64,Team JN,131.9,Regular
1082,4,Team GM,104.82,Team BD,113.88,Regular
1083,4,Team BL,150.06,Team RW,94.8,Regular
1084,5,Team WR,103.92,Team WN,69.24,Regular
1085,5,Team JN,99.48,Team Caleb,97.22,Regular
1086,5,Team BD,111.48,Team DH,102.84,Regular
1087,5,Team RW,176.06,Team TP,56.76,Regular
1088,5,Team BL,116.32,Team GM,163.34,Regular
1089,6,Team JN,78.22,Team WR,102.58,Regular
1090,6,Team WN,121.34,Team BD,119.78,Regular
1091,6,Team Caleb,112.4,Team RW,78.56,Regular
1092,6,Team DH,96.62,Team BL,113.6,Regular
1093,6,Team TP,97.24,Team GM,101.54,Regular
1094,7,Team WR,66.34,Team BD,95.96,Regular
1095,7,Team RW,98.4,Team JN,99.86,Regular
1096,7,Team BL,129.06,Team WN,113.96,Regular
1097,7,Team GM,148.26,Team Caleb,92.46,Regular
1098,7,Team TP,103.8,Team DH,106.88,Regular
1099,8,Team RW,119.46,Team WR,119.56,Regular
1100,8,Team BD,107.22,Team BL,108.46,Regular
1101,8,Team JN,96.68,Team GM,120.2,Regular
1102,8,Team WN,124.5,Team TP,114.76,Regular
1103,8,Team Caleb,126.02,Team DH,84.98,Regular
1104,9,Team WR,92.12,Team BL,90.48,Regular
1105,9,Team GM,49.5,Team RW,115.22,Regular
1106,9,Team TP,134.72,Team BD,118.84,Regular
1107,9,Team DH,65.78,Team JN,92.6,Regular
1108,9,Team Caleb,89.52,Team WN,144.2,Regular
1109,10,Team GM,113.42,Team WR,170.42,Regular
1110,10,Team BL,98.26,Team TP,104.38,Regular
1111,10,Team RW,94.78,Team DH,97.42,Regular
1112,10,Team BD,126.02,Team Caleb,88.78,Regular
1113,10,Team JN,104.62,Team WN,101.84,Regular
1114,11,Team WR,124.8,Team TP,72.64,Regular
1115,11,Team DH,139.66,Team GM,97.38,Regular
1116,11,Team Caleb,94.46,Team BL,108.2,Regular
1117,11,Team WN,96.64,Team RW,106.7,Regular
1118,11,Team JN,116.64,Team BD,98.4,Regular
1119,12,Team DH,108.98,Team WR,122.12,Regular
1120,12,Team TP,102.5,Team Caleb,112.64,Regular
1121,12,Team GM,118.62,Team WN,116.16,Regular
1122,12,Team BL,140.5,Team JN,110.28,Regular
1123,12,Team RW,118.66,Team BD,105.98,Regular
1124,13,Team DH,100.82,Team BL,101.52,Regular
1125,13,Team JN,145.72,Team RW,78.78,Regular
1126,13,Team GM,118.8,Team WR,108.6,Regular
1127,13,Team WN,120.96,Team TP,151.38,Regular
1128,13,Team BD,125.06,Team Caleb,124.76,Regular
1129,14,NA,NA,Team JN,86.82,Playoff
1130,14,Team BD,118.72,Team WR,108.3,Playoff
1131,14,Team DH,100.84,Team GM,115.64,Playoff
1132,14,NA,NA,Team BL,111.58,Playoff
1133,14,Team Caleb,96.64,Team WN,69.84,Playoff
1134,14,Team RW,128.32,Team TP,124.06,Playoff
1135,15,Team BD,0,Team JN,0,Playoff
1136,15,Team GM,0,Team BL,0,Playoff
1137,15,Team DH,0,Team WR,0,Playoff
1138,15,Team RW,0,Team Caleb,0,Playoff
1139,15,Team TP,0,Team WN,0,Playoff
1140,1,Team WR,95.32,Team GM,133.84,Regular
1141,1,Team TP,99.76,Team BL,86.8,Regular
1142,1,Team DH,82.16,Team RW,65.44,Regular
1143,1,Team Caleb,78.68,Team BD,104.56,Regular
1144,1,Team WN,69.64,Team JN,123.64,Regular
1145,2,Team TP,148.76,Team WR,138.86,Regular
1146,2,Team GM,108,Team DH,110.98,Regular
1147,2,Team BL,102.42,Team Caleb,99.48,Regular
1148,2,Team RW,84.76,Team WN,85.04,Regular
1149,2,Team BD,89.4,Team JN,95.24,Regular
1150,3,Team WR,124.52,Team DH,124.98,Regular
1151,3,Team Caleb,128.06,Team TP,101.48,Regular
1152,3,Team WN,149.96,Team GM,139.18,Regular
1153,3,Team JN,101.96,Team BL,67.68,Regular
1154,3,Team BD,106.8,Team RW,93.92,Regular
1155,4,Team Caleb,142.7,Team WR,83.28,Regular
1156,4,Team DH,137.24,Team WN,81.38,Regular
1157,4,Team TP,63.64,Team JN,131.9,Regular
1158,4,Team GM,104.82,Team BD,113.88,Regular
1159,4,Team BL,150.06,Team RW,94.8,Regular
1160,5,Team WR,103.92,Team WN,69.24,Regular
1161,5,Team JN,99.48,Team Caleb,97.22,Regular
1162,5,Team BD,111.48,Team DH,102.84,Regular
1163,5,Team RW,176.06,Team TP,56.76,Regular
1164,5,Team BL,116.32,Team GM,163.34,Regular
1165,6,Team JN,78.22,Team WR,102.58,Regular
1166,6,Team WN,121.34,Team BD,119.78,Regular
1167,6,Team Caleb,112.4,Team RW,78.56,Regular
1168,6,Team DH,96.62,Team BL,113.6,Regular
1169,6,Team TP,97.24,Team GM,101.54,Regular
1170,7,Team WR,66.34,Team BD,95.96,Regular
1171,7,Team RW,98.4,Team JN,99.86,Regular
1172,7,Team BL,129.06,Team WN,113.96,Regular
1173,7,Team GM,148.26,Team Caleb,92.46,Regular
1174,7,Team TP,103.8,Team DH,106.88,Regular
1175,8,Team RW,119.46,Team WR,119.56,Regular
1176,8,Team BD,107.22,Team BL,108.46,Regular
1177,8,Team JN,96.68,Team GM,120.2,Regular
1178,8,Team WN,124.5,Team TP,114.76,Regular
1179,8,Team Caleb,126.02,Team DH,84.98,Regular
1180,9,Team WR,92.12,Team BL,90.48,Regular
1181,9,Team GM,49.5,Team RW,115.22,Regular
1182,9,Team TP,134.72,Team BD,118.84,Regular
1183,9,Team DH,65.78,Team JN,92.6,Regular
1184,9,Team Caleb,89.52,Team WN,144.2,Regular
1185,10,Team GM,113.42,Team WR,170.42,Regular
1186,10,Team BL,98.26,Team TP,104.38,Regular
1187,10,Team RW,94.78,Team DH,97.42,Regular
1188,10,Team BD,126.02,Team Caleb,88.78,Regular
1189,10,Team JN,104.62,Team WN,101.84,Regular
1190,11,Team WR,124.8,Team TP,72.64,Regular
1191,11,Team DH,139.66,Team GM,97.38,Regular
1192,11,Team Caleb,94.46,Team BL,108.2,Regular
1193,11,Team WN,96.64,Team RW,106.7,Regular
1194,11,Team JN,116.64,Team BD,98.4,Regular
1195,12,Team DH,108.98,Team WR,122.12,Regular
1196,12,Team TP,102.5,Team Caleb,112.64,Regular
1197,12,Team GM,118.62,Team WN,116.16,Regular
1198,12,Team BL,140.5,Team JN,110.28,Regular
1199,12,Team RW,118.66,Team BD,105.98,Regular
1200,13,Team DH,100.82,Team BL,101.52,Regular
1201,13,Team JN,145.72,Team RW,78.78,Regular
1202,13,Team GM,118.8,Team WR,108.6,Regular
1203,13,Team WN,120.96,Team TP,151.38,Regular
1204,13,Team BD,125.06,Team Caleb,124.76,Regular
1205,14,NA,NA,Team JN,86.82,Playoff
1206,14,Team BD,118.72,Team WR,108.3,Playoff
1207,14,Team DH,100.84,Team GM,115.64,Playoff
1208,14,NA,NA,Team BL,111.58,Playoff
1209,14,Team Caleb,96.64,Team WN,69.84,Playoff
1210,14,Team RW,128.32,Team TP,124.06,Playoff
1211,15,Team BD,0,Team JN,0,Playoff
1212,15,Team GM,0,Team BL,0,Playoff
1213,15,Team DH,0,Team WR,0,Playoff
1214,15,Team RW,0,Team Caleb,0,Playoff
1215,15,Team TP,0,Team WN,0,Playoff
1216,1,Team WR,95.32,Team GM,133.84,Regular
1217,1,Team TP,99.76,Team BL,86.8,Regular
1218,1,Team DH,82.16,Team RW,65.44,Regular
1219,1,Team Caleb,78.68,Team BD,104.56,Regular
1220,1,Team WN,69.64,Team JN,123.64,Regular
1221,2,Team TP,148.76,Team WR,138.86,Regular
1222,2,Team GM,108,Team DH,110.98,Regular
1223,2,Team BL,102.42,Team Caleb,99.48,Regular
1224,2,Team RW,84.76,Team WN,85.04,Regular
1225,2,Team BD,89.4,Team JN,95.24,Regular
1226,3,Team WR,124.52,Team DH,124.98,Regular
1227,3,Team Caleb,128.06,Team TP,101.48,Regular
1228,3,Team WN,149.96,Team GM,139.18,Regular
1229,3,Team JN,101.96,Team BL,67.68,Regular
1230,3,Team BD,106.8,Team RW,93.92,Regular
1231,4,Team Caleb,142.7,Team WR,83.28,Regular
1232,4,Team DH,137.24,Team WN,81.38,Regular
1233,4,Team TP,63.64,Team JN,131.9,Regular
1234,4,Team GM,104.82,Team BD,113.88,Regular
1235,4,Team BL,150.06,Team RW,94.8,Regular
1236,5,Team WR,103.92,Team WN,69.24,Regular
1237,5,Team JN,99.48,Team Caleb,97.22,Regular
1238,5,Team BD,111.48,Team DH,102.84,Regular
1239,5,Team RW,176.06,Team TP,56.76,Regular
1240,5,Team BL,116.32,Team GM,163.34,Regular
1241,6,Team JN,78.22,Team WR,102.58,Regular
1242,6,Team WN,121.34,Team BD,119.78,Regular
1243,6,Team Caleb,112.4,Team RW,78.56,Regular
1244,6,Team DH,96.62,Team BL,113.6,Regular
1245,6,Team TP,97.24,Team GM,101.54,Regular
1246,7,Team WR,66.34,Team BD,95.96,Regular
1247,7,Team RW,98.4,Team JN,99.86,Regular
1248,7,Team BL,129.06,Team WN,113.96,Regular
1249,7,Team GM,148.26,Team Caleb,92.46,Regular
1250,7,Team TP,103.8,Team DH,106.88,Regular
1251,8,Team RW,119.46,Team WR,119.56,Regular
1252,8,Team BD,107.22,Team BL,108.46,Regular
1253,8,Team JN,96.68,Team GM,120.2,Regular
1254,8,Team WN,124.5,Team TP,114.76,Regular
1255,8,Team Caleb,126.02,Team DH,84.98,Regular
1256,9,Team WR,92.12,Team BL,90.48,Regular
1257,9,Team GM,49.5,Team RW,115.22,Regular
1258,9,Team TP,134.72,Team BD,118.84,Regular
1259,9,Team DH,65.78,Team JN,92.6,Regular
1260,9,Team Caleb,89.52,Team WN,144.2,Regular
1261,10,Team GM,113.42,Team WR,170.42,Regular
1262,10,Team BL,98.26,Team TP,104.38,Regular
1263,10,Team RW,94.78,Team DH,97.42,Regular
1264,10,Team BD,126.02,Team Caleb,88.78,Regular
1265,10,Team JN,104.62,Team WN,101.84,Regular
1266,11,Team WR,124.8,Team TP,72.64,Regular
1267,11,Team DH,139.66,Team GM,97.38,Regular
1268,11,Team Caleb,94.46,Team BL,108.2,Regular
1269,11,Team WN,96.64,Team RW,106.7,Regular
1270,11,Team JN,116.64,Team BD,98.4,Regular
1271,12,Team DH,108.98,Team WR,122.12,Regular
1272,12,Team TP,102.5,Team Caleb,112.64,Regular
1273,12,Team GM,118.62,Team WN,116.16,Regular
1274,12,Team BL,140.5,Team JN,110.28,Regular
1275,12,Team RW,118.66,Team BD,105.98,Regular
1276,13,Team DH,100.82,Team BL,101.52,Regular
1277,13,Team JN,145.72,Team RW,78.78,Regular
1278,13,Team GM,118.8,Team WR,108.6,Regular
1279,13,Team WN,120.96,Team TP,151.38,Regular
1280,13,Team BD,125.06,Team Caleb,124.76,Regular
1281,14,NA,NA,Team JN,86.82,Playoff
1282,14,Team BD,118.72,Team WR,108.3,Playoff
1283,14,Team DH,100.84,Team GM,115.64,Playoff
1284,14,NA,NA,Team BL,111.58,Playoff
1285,14,Team Caleb,96.64,Team WN,69.84,Playoff
1286,14,Team RW,128.32,Team TP,124.06,Playoff
1287,15,Team BD,0,Team JN,0,Playoff
1288,15,Team GM,0,Team BL,0,Playoff
1289,15,Team DH,0,Team WR,0,Playoff
1290,15,Team RW,0,Team Caleb,0,Playoff
1291,15,Team TP,0,Team WN,0,Playoff
